Type,WT,WT_0.25rxn,1A,1A_0.25rxn,1B,2A,2A_0.25rxn,2B,3A,3A_0.25rxn,3B,4B,4C,5A,5B,6A,6B,7A,7B,8A,8B,9A,9B,10A,10B,11A,11B,13A,13B,14A,14B,15D,16A,16B,17A,17B,18A,18B,19A,19B,20A,20B,21A,21B,sep_mut
1L1R ,186,189,234,310,276,166,179,262,174,186,170,186,175,188,234,3,0,223,226,138,105,188,170,250,261,153,154,193,184,176,178,203,179,80,213,217,274,190,153,164,144,118,2,0,p1wt
1LF7LR ,0,0,0,0,0,0,0,1,0,0,1,0,0,0,2,570,579,0,5,330,343,0,1,2,0,0,0,9,0,2,0,0,0,2,1,1,18,1,1,0,0,6,0,1,p1p7LLinv
1L7R ,4,5,0,0,0,0,0,0,0,0,2,0,0,0,2,1,0,4,6,27,66,0,1,1,13,0,1,8,1,3,0,0,0,0,0,19,1,0,0,0,0,3,0,2,p1p7del
1L6R7L ,2,0,0,0,0,0,0,0,0,0,0,0,0,0,0,0,0,1,3,0,0,0,0,0,0,67,71,0,2,0,0,0,0,0,0,0,2,0,0,0,0,0,3,0,p1p6del
1L6R ,0,0,0,0,0,0,0,0,0,0,0,0,0,0,0,0,0,0,0,0,0,0,0,0,0,26,67,2,1,0,1,0,0,0,0,2,0,0,0,0,0,0,0,0,p1p6del
1R2L ,0,0,0,0,0,0,0,0,0,0,0,0,0,0,0,0,0,0,0,0,0,0,0,0,0,1,0,0,0,0,0,0,0,0,0,0,0,0,0,0,0,0,0,0,p1p2wt
1RR7RF ,5,4,0,0,2,0,1,0,0,0,1,0,0,0,3,838,794,0,10,390,409,0,0,0,0,0,0,7,0,0,0,0,0,1,2,3,27,0,0,0,0,0,0,4,p1p7RRinv
1LF5MR ,0,0,0,0,0,0,0,0,0,0,0,0,0,0,0,0,0,0,0,0,0,0,0,0,0,0,0,1,0,0,0,0,0,0,0,0,0,0,0,0,0,0,0,0,p1p5LMinv
1L4R5L ,0,0,0,0,0,0,0,0,0,0,2,0,0,0,0,0,1,0,0,1,0,0,0,0,0,0,0,6,0,0,0,0,0,1339,0,0,0,0,0,0,0,0,0,0,p1p4del
1RR5MF ,0,0,0,0,0,0,0,0,0,0,0,0,0,0,0,0,0,1,0,0,0,0,0,0,0,0,0,0,0,1,0,0,0,0,0,0,0,0,0,0,0,0,170,148,p1p5RMinv
1L4R ,0,0,0,0,0,0,0,0,0,0,3,0,0,0,0,0,0,0,0,0,0,0,0,0,0,0,0,0,0,0,0,0,0,58,0,0,0,0,0,0,0,0,0,0,p1p4del
1L4R5L5M ,0,0,0,0,0,0,0,0,0,0,0,0,0,0,0,0,0,0,0,0,0,0,0,0,0,0,0,0,0,0,0,0,0,42,0,0,0,0,0,0,0,0,0,0,p1p4del
1LF4LR ,0,0,0,0,0,0,0,0,0,0,0,0,0,0,0,0,0,1,0,0,0,0,0,0,0,0,0,0,0,0,0,0,0,0,0,0,0,0,0,0,1,0,0,0,p1p4LLinv
1RR5MF3LR ,0,0,0,0,0,0,0,0,0,0,0,0,0,0,0,0,0,0,0,0,0,0,0,0,0,0,0,0,0,0,0,0,0,0,0,0,0,0,0,0,0,0,54,49,p1p5RMinv
1RR5MF3LR ,0,0,0,0,0,0,0,0,0,0,0,0,0,0,0,0,0,0,0,0,0,0,0,0,0,0,0,0,0,0,0,0,0,0,0,0,0,0,0,0,0,0,54,49,p3p5MLinv
1LF5LR ,0,0,0,0,0,0,0,0,0,0,0,0,0,0,0,0,0,0,0,0,0,0,0,0,0,0,0,0,0,0,0,0,0,0,0,0,0,0,0,0,0,0,39,24,p1p5LLinv
1LF5LR4RR ,0,0,0,0,0,0,0,0,0,0,0,0,0,0,0,0,0,0,0,0,0,0,0,0,0,0,0,0,0,0,0,0,0,0,0,0,0,0,0,0,0,0,3,3,p1p5LLinv
1L5M ,0,0,0,0,0,0,0,0,0,0,0,0,0,0,0,0,0,0,0,0,0,0,0,0,0,0,0,0,0,0,0,0,0,0,0,0,0,0,0,0,0,0,1,0,p1p5del
1LF7LR6RR ,0,0,0,0,0,0,0,0,0,0,0,0,0,0,0,7,8,0,0,2,8,0,0,0,0,0,0,0,0,0,0,0,0,0,0,0,0,0,0,0,0,0,0,0,p1p7LLinv
1LF7LR6RR5LR ,0,0,0,0,0,0,0,0,0,0,0,0,0,0,0,3,0,0,0,0,0,0,0,0,0,0,0,0,0,0,0,0,0,0,0,0,0,0,0,0,0,0,0,0,p1p7LLinv
1LF7LR6RR5LR ,0,0,0,0,0,0,0,0,0,0,0,0,0,0,0,3,0,0,0,0,0,0,0,0,0,0,0,0,0,0,0,0,0,0,0,0,0,0,0,0,0,0,0,0,p6p5del
2L6R ,4,0,0,0,0,0,0,0,0,0,0,0,1,0,1,1,0,0,1,0,0,1,0,71,79,0,0,0,0,0,0,0,0,0,0,0,1,0,0,0,163,158,66,74,p2p6del
2L2R ,194,230,92,105,87,266,252,274,183,181,213,324,235,222,204,287,199,8,239,300,326,282,231,145,134,1,4,294,312,220,238,1,218,129,0,0,155,189,119,226,0,0,7,1,p2wt
2L6R7L ,6,3,0,0,0,0,0,0,0,0,0,0,1,0,0,0,0,0,0,0,0,0,0,55,47,0,0,0,1,0,0,0,0,0,0,0,1,0,0,0,255,242,109,120,p2p6del
2L7R ,0,0,719,703,748,1,0,1,0,0,0,0,0,0,1,0,0,6,4,0,0,0,0,0,4,4,0,2,0,3,0,0,1,9,2,0,855,0,0,0,2,0,2,0,p2p7del
2L5M ,0,0,0,0,0,0,0,0,0,0,0,0,0,0,0,0,0,0,0,0,0,0,0,0,2,0,0,0,0,0,0,0,0,0,0,0,0,0,0,0,0,0,0,0,p2p5del
2LF3LR ,0,0,0,0,2,0,0,0,0,0,0,0,0,0,0,0,0,0,0,0,0,0,0,0,0,189,182,0,0,0,0,0,0,0,101,83,1,0,169,0,0,0,0,0,p2p3LLinv
2RR6RF ,0,0,0,0,0,0,0,0,0,0,0,0,0,0,0,0,0,0,0,0,0,0,0,0,0,98,71,0,0,0,0,0,0,0,0,0,0,0,0,0,0,0,0,0,p2p6RRinv
2RR6RF7LF ,0,0,0,0,0,0,0,0,0,0,0,0,0,0,0,0,0,0,0,0,0,0,0,0,0,2,5,0,0,0,0,0,0,0,0,0,0,0,0,0,0,0,0,0,p2p6RRinv
2RR3RF ,0,0,0,0,1,0,0,0,0,0,0,0,0,0,0,0,0,0,3,0,0,0,0,0,0,1,0,0,0,0,0,0,0,0,103,106,0,0,117,0,0,0,226,237,p2p3RRinv
2LF7LR ,1,1,0,0,0,0,0,0,0,0,0,0,0,0,0,0,0,51,0,0,0,0,0,0,0,5,0,1,0,0,0,101,0,0,0,0,2,0,0,0,0,0,0,0,p2p7LLinv
2RR7RF ,0,0,1,0,1,0,0,0,0,0,1,0,0,0,1,0,0,0,8,1,1,0,0,0,0,0,2,0,0,0,0,843,0,0,0,0,7,0,0,0,0,0,8,0,p2p7RRinv
2LF7LR6RR ,2,1,0,0,0,0,0,0,0,0,0,0,0,0,0,0,0,36,2,0,0,1,0,0,0,0,0,0,0,0,0,110,0,0,0,0,1,0,0,0,0,0,0,0,p2p7LLinv
2RR4RF ,0,0,2,5,0,0,0,0,0,0,0,0,0,0,0,0,0,0,0,0,0,0,0,0,0,0,0,0,0,0,0,2,0,0,0,0,0,0,0,0,0,0,0,0,p2p4RRinv
2L4R ,0,0,0,0,0,0,0,0,0,0,0,0,0,0,0,0,0,0,0,0,0,0,0,0,0,0,0,0,0,0,0,0,0,0,52,58,1,0,0,0,0,0,0,0,p2p4del
2L4R5L ,0,0,0,0,0,0,0,0,0,0,0,0,0,0,0,0,0,0,0,0,0,0,0,0,0,0,0,0,0,0,0,0,0,0,153,144,0,0,0,0,0,0,0,0,p2p4del
2RR4RF5LF ,0,0,5,8,0,0,0,0,0,0,0,0,1,0,0,0,0,0,0,0,0,0,0,0,0,0,0,0,0,0,0,0,0,0,1,0,0,0,0,0,0,0,0,0,p2p4RRinv
2LF4LR ,0,0,10,16,0,0,2,0,0,0,0,0,0,0,0,0,0,0,0,0,0,0,0,0,0,0,0,0,0,0,0,0,0,0,0,0,0,0,0,0,0,0,0,0,p2p4LLinv
2LF7LR6RR5MR ,2,0,0,0,0,0,0,0,0,0,0,0,0,0,0,0,0,9,0,0,0,0,0,0,0,0,0,0,0,0,0,0,0,0,0,0,0,0,0,0,0,0,0,0,p2p7LLinv
2L3R ,0,0,0,0,0,0,0,0,0,0,0,0,0,0,0,0,0,1,0,0,0,0,0,0,0,0,0,0,0,0,0,0,0,0,0,0,0,0,0,0,0,0,0,0,p2p3del
3L3R ,230,252,0,0,3,279,322,337,242,272,309,326,214,233,215,291,249,160,245,291,307,306,280,124,132,0,0,296,280,210,221,310,254,151,0,0,141,269,111,233,1,0,0,0,p3wt
3RR7RF ,10,12,0,0,1,0,0,0,0,0,0,1,0,0,0,7,1,384,12,0,0,1,0,0,1,11,4,5,0,0,0,0,0,0,0,1,17,0,1,0,2,0,0,0,p3p7RRinv
3LF5MR1RF ,0,0,0,0,0,0,0,0,0,0,0,0,0,0,0,0,0,1,0,0,0,0,0,0,0,0,0,0,0,1,0,0,0,0,0,0,0,0,0,0,0,0,46,42,p3p5LMinv
3LF5MR1RF ,0,0,0,0,0,0,0,0,0,0,0,0,0,0,0,0,0,1,0,0,0,0,0,0,0,0,0,0,0,1,0,0,0,0,0,0,0,0,0,0,0,0,46,42,p1p5MRinv
3LF5MR ,0,0,0,0,0,0,0,0,0,0,0,0,0,0,0,0,0,0,0,0,0,0,0,0,0,0,0,0,0,0,0,1,0,0,0,0,0,0,0,0,0,0,194,211,p3p5LMinv
3R4L ,0,0,0,0,0,0,0,0,0,0,0,0,0,0,0,0,0,0,63,0,0,0,0,0,0,0,0,0,0,0,0,0,0,1,0,0,0,0,0,0,0,0,0,0,p3p4wt
3L4R ,0,0,0,0,0,0,0,0,0,0,0,0,0,0,0,0,0,0,0,0,0,0,0,0,0,0,0,0,0,0,0,0,0,0,0,0,0,0,0,0,0,0,2,0,p3p4del
3LF7LR6RR ,0,0,0,0,0,0,0,0,0,0,0,0,0,0,0,0,0,1,0,0,0,0,0,0,0,0,0,0,0,0,0,0,0,0,0,0,0,0,0,0,0,0,0,0,p3p7LLinv
3LF7LR ,0,0,0,0,0,0,0,0,0,0,0,0,0,0,0,0,0,1,0,0,0,0,0,0,0,0,0,0,0,0,0,0,0,0,0,0,0,0,0,0,0,0,0,0,p3p7LLinv
4R5L6R7L ,1,0,25,26,22,0,0,0,43,55,66,14,39,15,19,171,136,12,3,51,41,0,0,24,27,1,0,1,0,75,55,0,0,0,73,72,5,15,25,13,0,1,1,0,p5p6del
4L4R5L ,201,232,94,97,115,240,273,271,217,232,278,377,104,245,189,170,166,209,210,252,198,247,236,120,108,1,0,241,247,370,390,233,156,128,105,104,84,92,116,63,2,0,164,160,p4wt
4L4R5L ,201,232,94,97,115,240,273,271,217,232,278,377,104,245,189,170,166,209,210,252,198,247,236,120,108,1,0,241,247,370,390,233,156,128,105,104,84,92,116,63,2,0,164,160,p4p5wt
4R5L6R ,0,1,36,44,35,0,0,0,98,74,77,35,60,41,41,61,64,36,3,81,96,0,1,38,53,1,0,4,0,51,51,1,3,0,174,167,6,40,40,28,0,0,2,0,p5p6del
4R5L ,28,58,56,62,53,43,48,49,112,107,120,103,273,104,78,8,5,85,30,138,144,53,46,71,62,0,0,59,39,92,81,3,22,25,180,204,16,58,63,29,2,0,31,56,p4p5wt
4L4R ,78,83,19,47,47,94,109,120,106,82,117,79,76,74,78,76,71,104,64,104,102,99,84,39,57,1,1,104,96,115,119,79,89,61,50,38,39,48,179,34,2,0,63,81,p4wt
4R5L5M ,163,198,0,0,0,196,235,221,0,0,0,103,154,1,0,3,0,47,132,1,0,212,189,0,0,2,0,262,180,0,0,37,215,120,0,0,79,0,0,0,1,1,0,0,p4p5wt
4R5L5M ,163,198,0,0,0,196,235,221,0,0,0,103,154,1,0,3,0,47,132,1,0,212,189,0,0,2,0,262,180,0,0,37,215,120,0,0,79,0,0,0,1,1,0,0,p5wt
4R5L5M6R ,5,7,0,0,0,9,5,5,0,0,0,3,0,0,0,2,0,44,83,0,0,12,10,0,0,0,0,9,12,1,0,61,6,2,0,0,2,0,0,0,1,0,0,0,p4p5wt
4R5L5M6R ,5,7,0,0,0,9,5,5,0,0,0,3,0,0,0,2,0,44,83,0,0,12,10,0,0,0,0,9,12,1,0,61,6,2,0,0,2,0,0,0,1,0,0,0,p5wt
4R5L5M6R ,5,7,0,0,0,9,5,5,0,0,0,3,0,0,0,2,0,44,83,0,0,12,10,0,0,0,0,9,12,1,0,61,6,2,0,0,2,0,0,0,1,0,0,0,p5p6wt
4L4R5L5M ,0,0,0,0,0,0,0,0,1,0,0,0,0,0,0,0,0,0,0,1,0,0,0,0,0,0,0,0,0,0,0,110,1,0,0,0,0,0,0,0,0,0,0,0,p4wt
4L4R5L5M ,0,0,0,0,0,0,0,0,1,0,0,0,0,0,0,0,0,0,0,1,0,0,0,0,0,0,0,0,0,0,0,110,1,0,0,0,0,0,0,0,0,0,0,0,p4p5wt
4L4R5L5M ,0,0,0,0,0,0,0,0,1,0,0,0,0,0,0,0,0,0,0,1,0,0,0,0,0,0,0,0,0,0,0,110,1,0,0,0,0,0,0,0,0,0,0,0,p5wt
4R5L5M7R ,0,0,0,0,0,0,0,0,0,0,0,0,0,0,0,0,0,0,0,0,0,0,0,0,0,0,0,0,0,0,0,0,6,15,0,0,12,0,0,0,0,0,0,0,p5p7del
4L7R ,0,0,0,0,0,0,0,0,0,0,0,0,0,0,0,0,0,0,0,0,0,0,0,0,0,0,0,0,0,0,0,0,0,0,0,3,0,517,0,457,0,0,0,0,p4p7del
4L5M ,0,1,0,0,0,0,0,0,0,0,0,0,0,0,0,0,0,0,0,0,0,0,0,0,0,0,0,0,0,0,0,0,0,0,0,0,0,0,1,0,0,0,0,0,p4p5del
4RF5LF1LR ,0,0,0,0,0,0,0,0,0,0,0,0,0,0,0,0,0,0,0,0,0,0,0,0,0,0,0,0,0,0,0,0,0,0,0,0,0,0,0,0,0,0,76,87,p1p5LLinv
4RR6RF7LF ,0,0,0,0,0,0,0,0,1,0,0,0,0,0,0,0,0,0,0,0,0,0,0,0,0,0,0,0,0,0,0,0,0,0,0,0,0,0,0,0,0,0,0,0,p4p6RRinv
4RF5LF2LR ,0,0,0,0,0,0,0,0,0,0,0,0,1,0,0,0,0,0,0,0,0,0,0,0,0,0,0,0,0,0,0,0,0,0,0,0,0,0,0,0,0,0,0,0,p2p5LLinv
4R5L7R ,0,0,0,0,0,0,0,0,0,0,0,0,0,39,37,0,0,0,0,0,0,0,0,0,0,0,0,0,0,0,0,0,0,0,0,0,0,0,0,0,0,0,0,0,p5p7del
4L4R5L6R ,0,0,0,0,0,0,0,0,0,0,0,0,0,0,0,12,18,0,0,0,0,0,0,0,0,0,0,0,0,0,0,0,0,0,0,0,0,0,0,0,0,0,0,0,p5p6del
4R5L5M6R7L ,0,0,0,0,0,0,0,0,0,0,0,0,0,0,0,0,0,0,3,0,0,0,0,0,0,0,0,0,0,0,0,0,0,0,0,0,0,0,0,0,0,0,0,0,p4p5wt
4R5L5M6R7L ,0,0,0,0,0,0,0,0,0,0,0,0,0,0,0,0,0,0,3,0,0,0,0,0,0,0,0,0,0,0,0,0,0,0,0,0,0,0,0,0,0,0,0,0,p5wt
4R5L5M6R7L ,0,0,0,0,0,0,0,0,0,0,0,0,0,0,0,0,0,0,3,0,0,0,0,0,0,0,0,0,0,0,0,0,0,0,0,0,0,0,0,0,0,0,0,0,p5p6wt
4R5L5M6R7L ,0,0,0,0,0,0,0,0,0,0,0,0,0,0,0,0,0,0,3,0,0,0,0,0,0,0,0,0,0,0,0,0,0,0,0,0,0,0,0,0,0,0,0,0,p6p7wt
4LF5MR ,0,0,0,0,0,0,0,0,0,0,0,0,0,0,0,0,0,0,1,0,0,0,0,0,0,0,0,0,0,0,0,0,0,0,0,0,0,0,0,0,0,0,0,0,p4p5LMinv
5L6R7L ,0,0,29,35,37,0,0,0,70,68,65,21,38,20,38,18,10,23,1,55,66,0,0,20,33,0,0,2,0,38,37,0,0,0,89,84,0,35,38,14,0,0,0,0,p5p6del
5L6R ,0,0,0,2,0,0,0,0,1,5,2,1,0,1,14,0,3,2,0,2,1,0,0,3,5,0,0,0,0,3,2,0,0,0,3,3,0,1,2,0,0,0,0,0,p5p6del
5M6R7L ,182,206,0,0,0,205,204,182,0,0,3,126,63,0,2,0,0,127,142,1,0,198,195,0,0,0,0,212,220,1,0,225,83,80,0,0,6,0,86,0,0,0,0,0,p5p6wt
5M6R7L ,182,206,0,0,0,205,204,182,0,0,3,126,63,0,2,0,0,127,142,1,0,198,195,0,0,0,0,212,220,1,0,225,83,80,0,0,6,0,86,0,0,0,0,0,p6p7wt
5L5M6R ,44,31,0,0,0,45,48,57,0,0,0,13,9,0,0,0,0,6,4,0,0,63,46,0,0,0,0,57,45,0,0,22,18,20,0,0,0,0,0,0,0,0,0,0,p5wt
5L5M6R ,44,31,0,0,0,45,48,57,0,0,0,13,9,0,0,0,0,6,4,0,0,63,46,0,0,0,0,57,45,0,0,22,18,20,0,0,0,0,0,0,0,0,0,0,p5p6wt
5L5M ,8,8,0,0,0,9,2,9,0,0,0,0,1,0,0,0,0,1,4,0,0,9,16,0,0,0,0,11,5,0,0,11,6,2,0,0,0,0,0,0,0,0,0,0,p5wt
5M6R ,16,30,0,0,0,16,17,34,0,0,0,12,0,0,0,0,0,5,2,0,0,20,30,0,0,0,0,16,23,0,0,4,2,4,0,0,0,0,0,0,1,0,0,0,p5p6wt
5M7R ,0,0,0,0,0,0,0,0,0,0,0,0,0,0,0,1,1,0,3,0,0,0,0,0,0,0,0,6,0,0,0,0,340,1366,0,0,316,0,0,0,0,0,0,0,p5p7del
5L7R ,4,1,0,0,0,0,0,0,0,0,0,0,0,370,327,0,0,0,0,1,0,0,0,0,0,0,0,0,0,2,0,0,0,0,0,0,0,0,0,0,0,0,0,0,p5p7del
5L5M6R7L ,0,1,0,0,0,0,0,0,0,0,0,0,1,0,0,2,0,22,68,0,0,1,0,0,0,0,0,0,0,0,0,61,0,0,0,0,0,0,0,0,0,0,0,0,p5wt
5L5M6R7L ,0,1,0,0,0,0,0,0,0,0,0,0,1,0,0,2,0,22,68,0,0,1,0,0,0,0,0,0,0,0,0,61,0,0,0,0,0,0,0,0,0,0,0,0,p5p6wt
5L5M6R7L ,0,1,0,0,0,0,0,0,0,0,0,0,1,0,0,2,0,22,68,0,0,1,0,0,0,0,0,0,0,0,0,61,0,0,0,0,0,0,0,0,0,0,0,0,p6p7wt
5L5M7R ,0,0,0,0,0,0,0,0,0,0,0,0,0,0,0,0,0,0,0,0,0,0,0,0,0,0,0,0,0,0,0,0,6,17,0,0,9,0,0,0,0,0,0,0,p5p7del
5LR4RR2RF ,0,0,6,2,0,0,0,0,0,0,0,0,0,0,0,0,0,0,0,0,0,0,0,0,0,0,0,0,0,0,0,0,0,0,0,1,0,0,0,0,0,0,0,0,p2p4RRinv
5L6R7L7R ,0,0,0,0,0,0,0,0,0,0,0,0,0,0,0,0,0,0,0,0,0,0,0,0,0,0,0,0,0,0,0,0,0,0,0,1,0,0,0,0,0,0,0,0,p5p6del
5LF6RF7LF1LR ,0,0,0,0,0,0,0,0,0,0,0,0,0,0,0,23,17,0,0,0,0,0,0,0,0,0,0,0,0,0,0,0,0,0,0,0,0,0,0,0,0,0,0,0,p5p6del
5LF6RF7LF1LR ,0,0,0,0,0,0,0,0,0,0,0,0,0,0,0,23,17,0,0,0,0,0,0,0,0,0,0,0,0,0,0,0,0,0,0,0,0,0,0,0,0,0,0,0,p1p7LLinv
5MF6RF7LF2LR ,1,0,0,0,0,0,0,0,0,0,0,0,0,0,0,0,0,10,0,0,0,0,0,0,0,0,0,0,0,0,0,0,0,0,0,0,0,0,0,0,0,0,0,0,p2p7LLinv
5M6R7L7R ,0,0,0,0,0,0,0,0,0,0,0,0,0,0,0,0,0,1,23,0,0,0,0,0,0,0,0,0,0,0,0,0,0,0,0,0,0,0,0,0,0,0,0,0,p5p6wt
5M6R7L7R ,0,0,0,0,0,0,0,0,0,0,0,0,0,0,0,0,0,1,23,0,0,0,0,0,0,0,0,0,0,0,0,0,0,0,0,0,0,0,0,0,0,0,0,0,p6p7wt
5M6R7L7R ,0,0,0,0,0,0,0,0,0,0,0,0,0,0,0,0,0,1,23,0,0,0,0,0,0,0,0,0,0,0,0,0,0,0,0,0,0,0,0,0,0,0,0,0,p7wt
6R7L7R ,712,783,298,339,382,798,827,784,763,767,908,968,1019,319,413,6,10,354,729,388,388,813,762,986,1054,1438,1631,903,792,1052,1091,2,8,15,1025,966,72,12,407,4,1320,1377,805,781,p6p7wt
6R7L7R ,712,783,298,339,382,798,827,784,763,767,908,968,1019,319,413,6,10,354,729,388,388,813,762,986,1054,1438,1631,903,792,1052,1091,2,8,15,1025,966,72,12,407,4,1320,1377,805,781,p7wt
6R7L ,52,62,49,68,68,61,59,60,146,148,133,90,81,57,52,5,11,98,12,93,96,36,41,218,227,57,69,53,49,87,75,12,14,31,152,166,7,70,181,77,153,212,85,108,p6p7wt
6RF7LF1LR ,0,0,0,0,0,0,0,0,0,0,0,0,0,0,1,98,66,0,1,95,100,0,0,0,0,0,0,1,0,0,0,0,0,0,1,0,3,0,1,0,0,1,0,1,p1p7LLinv
6RF7LF2LR ,3,1,0,0,0,0,0,0,0,0,0,0,0,0,0,0,0,36,3,0,0,0,0,0,0,0,0,0,0,0,0,97,0,0,0,0,1,0,0,0,0,0,0,0,p2p7LLinv
6RF7LF3LR ,0,0,0,0,0,0,0,0,0,0,0,0,0,0,0,0,0,1,0,0,0,0,0,0,0,0,0,0,0,0,0,0,0,0,0,0,0,0,0,0,0,0,0,0,p3p7LLinv
6RR7RF ,0,0,0,0,0,0,0,0,0,0,0,0,0,0,0,0,0,0,2,0,0,0,0,0,0,0,0,0,0,0,0,0,0,0,0,0,0,0,0,0,0,0,0,0,p6p7RRinv
7L7R ,39,20,19,9,14,36,26,31,22,21,28,11,28,5,19,2,0,17,41,33,19,48,26,37,33,104,95,24,51,30,31,0,266,284,18,28,0,17,38,9,34,40,25,36,p7wt
7RR7LR6RR4RF ,0,0,0,0,0,0,0,0,0,0,0,0,0,0,0,0,0,0,0,0,0,0,0,0,0,0,0,0,0,0,0,0,0,0,0,0,0,0,0,0,1,0,0,0,p4p6RRinv
p1AACAAACGAC,0,0,1,0,0,0,0,0,0,0,0,0,0,0,4,0,0,0,0,0,0,0,0,0,0,0,0,0,0,0,0,0,0,0,0,0,0,0,0,0,0,0,0,0,p1indel
p1AACAAGACGA,0,0,0,0,0,0,0,0,0,0,0,0,0,0,0,0,0,0,0,0,0,0,0,0,0,0,1,0,0,1,0,0,0,0,0,0,0,0,0,0,0,0,0,0,p1indel
p1AACAAGCGAC,0,0,0,0,0,0,0,0,0,0,0,2,0,0,0,0,0,0,0,0,0,0,0,0,0,0,0,0,0,0,0,0,0,0,0,0,0,0,0,0,0,0,0,0,p1indel
p1CAAAAACGAC,0,0,0,1,1,0,0,0,0,0,0,0,0,0,0,0,0,0,0,0,0,0,0,0,0,0,0,0,0,0,0,0,0,0,0,0,0,0,0,0,0,0,0,0,p1indel
p1CAAAACCGAC,0,0,0,0,0,0,0,0,0,0,0,0,0,0,0,2,0,0,0,0,0,0,0,0,0,0,0,0,0,0,0,0,0,0,0,0,0,0,0,0,0,0,0,0,p1indel
p1CAAAATCGAC,0,0,0,0,0,0,0,0,0,0,0,0,0,0,1,0,0,0,0,0,0,0,0,0,0,0,0,0,0,0,0,0,0,0,0,0,0,0,0,0,0,0,0,0,p1indel
p1CACAAAACGA,0,0,0,0,2,0,0,0,0,0,0,0,0,0,0,0,0,4,0,0,0,0,0,0,0,0,0,0,0,0,0,0,0,0,0,0,0,0,0,0,2,0,0,0,p1indel
p1CACAAACAAC,0,0,0,0,1,0,0,0,0,0,1,0,0,0,0,0,0,0,0,0,0,0,0,0,0,0,0,0,0,0,0,0,0,0,0,0,0,0,0,0,0,0,0,0,p1indel
p1CACAAACGAA,0,0,2,0,0,0,0,0,0,0,0,0,0,0,0,0,0,0,0,0,0,0,0,0,0,0,0,0,0,0,0,0,0,0,0,1,0,0,0,0,0,1,0,0,p1indel
p1CACAAACGAC,22,17,934,1081,1008,0,2,0,65,89,70,9,325,182,595,4,2,49,10,0,0,0,0,860,935,2,0,0,2,1,5,608,274,1,360,400,24,66,415,32,677,548,7,0,p1indel
p1CACAAACGAT,0,0,0,0,1,0,0,0,0,0,0,0,0,0,0,0,0,0,0,0,0,0,0,0,1,0,0,0,0,0,0,1,0,0,0,0,0,0,0,0,0,1,0,0,p1indel
p1CACAAACTAC,0,0,0,1,0,0,0,0,0,0,0,0,0,1,0,0,0,0,0,0,0,0,0,0,0,0,0,0,0,0,0,0,0,0,0,0,0,0,0,1,0,0,0,0,p1indel
p1CACAAATCGA,0,0,2,0,0,0,0,0,0,0,0,0,0,0,0,0,0,0,0,0,0,0,0,0,0,0,0,0,0,0,0,0,0,0,0,0,0,0,0,0,0,0,0,0,p1indel
p1CACAACCGAC,0,0,0,1,0,0,0,0,6,2,0,0,0,0,0,0,0,0,0,0,0,0,0,1,1,0,0,0,0,0,0,1,0,0,0,0,0,1,0,0,0,0,0,0,p1indel
p1CACAAGACAA,0,0,0,0,0,0,0,0,0,0,0,0,0,0,0,0,0,0,0,0,0,0,0,0,0,0,4,0,0,0,1,0,0,0,0,0,0,0,0,0,0,0,0,0,p1indel
p1CACAAGACGA,1,4,0,0,0,0,0,0,15,11,15,2,24,461,1,2,0,20,1,490,447,0,0,8,2,676,560,3,0,332,440,0,6,0,7,4,0,4,3,4,0,0,0,0,p1indel
p1CACAAGACGG,0,0,0,0,0,0,0,0,0,0,0,0,0,0,0,0,0,0,0,0,0,0,0,0,0,0,1,0,0,0,0,0,0,0,0,0,0,0,0,0,0,0,0,0,p1indel
p1CACAAGACTA,0,0,0,0,0,0,0,0,1,0,0,0,0,0,0,0,0,0,0,0,0,0,0,0,0,0,0,0,0,0,0,0,0,0,0,0,0,0,0,0,0,0,0,0,p1indel
p1CACAAGCCGA,0,0,0,0,0,0,0,0,0,0,0,0,0,1,0,0,0,0,0,0,0,0,0,0,0,0,0,0,0,0,0,0,0,0,0,0,0,0,0,0,0,0,0,0,p1indel
p1CACAAGCGAC,5,4,0,0,1,0,1,0,5,1,2,373,4,0,0,0,0,12,0,0,0,0,0,2,3,0,0,0,0,0,0,17,0,0,0,1,1,0,0,0,0,0,0,0,p1indel
p1CACAAGGCGA,0,0,0,0,0,0,0,0,0,0,0,0,0,0,0,0,0,0,0,0,0,0,0,0,0,1,1,0,0,0,0,0,0,0,0,0,0,0,0,0,0,0,0,0,p1indel
p1CACAAGTCGA,0,0,0,0,0,0,0,0,0,0,0,0,0,0,0,0,0,0,0,0,0,0,0,0,0,1,0,0,0,0,0,0,0,0,0,0,0,0,0,0,0,0,0,0,p1indel
p1CACAATACGA,0,0,0,0,0,0,0,0,0,0,0,0,0,0,0,0,0,0,0,0,0,0,0,0,0,1,0,0,0,1,0,0,0,0,0,0,0,0,0,0,0,0,0,0,p1indel
p1CACAATCGAC,1,3,1,8,100,0,1,0,14,15,18,247,0,0,405,0,0,1,2,0,0,0,0,0,0,0,0,0,0,0,4,142,397,397,2,4,9,115,13,127,1,0,0,0,p1indel
p1CACACACGAC,0,0,0,1,1,0,0,0,0,0,0,0,1,1,1,0,0,0,0,0,0,0,0,0,0,0,0,0,0,0,0,0,0,0,0,1,0,0,1,0,0,1,0,0,p1indel
p1CACACGACGA,0,0,0,0,0,0,0,0,1,3,2,0,1,0,0,0,0,1,0,0,0,0,0,0,0,0,0,0,0,0,0,0,1,0,0,0,0,0,1,0,0,0,0,0,p1indel
p1CACACTCGAC,0,0,0,0,0,0,1,0,0,0,0,0,0,0,2,0,0,0,0,0,0,0,0,0,0,0,0,0,0,0,0,1,1,1,0,0,1,0,0,0,1,0,0,0,p1indel
p1CACAGACGAC,0,0,1,0,0,0,0,0,0,0,0,0,0,0,0,0,0,0,0,0,0,0,0,0,0,0,0,0,0,0,0,0,0,0,0,0,0,0,0,0,0,1,0,0,p1indel
p1CACATGACGA,0,0,0,0,0,0,0,0,0,0,0,0,0,0,0,0,0,0,0,0,0,0,0,0,0,1,0,0,0,0,0,0,0,0,0,0,0,0,0,0,0,0,0,0,p1indel
p1CACCAGACGA,0,0,0,0,0,0,0,0,0,0,0,0,0,0,0,0,0,0,0,1,0,0,0,0,0,0,0,0,0,0,0,0,0,0,0,0,0,0,0,0,0,0,0,0,p1indel
p1CACCATCGAC,0,0,0,0,0,0,0,0,0,0,0,0,0,0,0,0,0,0,0,0,0,0,0,0,0,0,0,0,0,0,0,0,1,0,0,0,0,0,0,1,0,0,0,0,p1indel
p1CACCGACGAC,0,0,0,0,0,0,0,0,0,0,0,0,1,0,0,0,0,0,0,0,0,0,0,0,0,0,0,0,0,0,0,0,0,0,0,0,0,0,0,0,0,0,0,0,p1indel
p1CACGAACGAC,0,0,0,0,0,0,0,0,1,0,0,0,0,0,0,0,0,0,0,0,0,0,0,0,0,0,0,0,0,0,0,0,0,0,0,0,0,0,0,0,0,0,0,0,p1indel
p1CACTAACGAC,0,0,0,0,0,0,0,0,0,0,0,0,0,0,0,0,0,0,0,0,0,0,0,0,0,0,0,0,0,0,0,1,0,0,0,0,0,0,0,0,0,0,0,0,p1indel
p1CACTAGACGA,0,0,0,0,0,0,0,0,0,0,0,0,0,0,0,0,0,0,0,0,0,0,0,0,0,0,0,0,0,1,0,0,0,0,0,0,0,0,0,0,0,0,0,0,p1indel
p1CACTATCGAC,0,0,0,0,0,0,0,0,0,0,0,0,0,0,0,0,0,0,0,0,0,0,0,0,0,0,0,0,0,0,0,0,1,0,0,0,0,0,0,0,0,0,0,0,p1indel
p1CATAAGACGA,0,0,0,0,0,0,0,0,0,0,0,0,0,0,0,0,0,0,0,0,0,0,0,0,0,1,0,0,0,0,0,0,0,0,0,0,0,0,0,0,0,0,0,0,p1indel
p1CCACAACGAC,1,0,0,0,0,0,0,0,0,0,0,0,0,0,0,0,0,0,0,0,0,0,0,0,0,0,0,0,0,0,0,0,0,0,0,0,0,0,0,0,0,0,0,0,p1indel
p1CGCAAACGAC,0,0,0,1,2,0,0,0,0,0,0,0,0,0,0,0,0,0,0,0,0,0,0,2,0,0,0,0,0,0,0,0,0,0,0,0,0,0,1,0,0,0,0,0,p1indel
p1CTCAAACGAC,0,0,0,0,0,0,0,0,0,0,0,0,0,0,0,0,0,0,0,0,0,0,0,0,0,0,0,0,0,0,0,0,0,0,0,0,0,0,1,0,0,1,0,0,p1indel
p1TACAAACGAC,0,0,2,0,0,0,0,0,0,0,0,0,0,0,0,0,0,0,0,0,0,0,0,0,0,0,0,0,0,0,0,0,0,0,0,0,0,0,0,0,0,0,0,0,p1indel
p1wt,767,747,140,177,156,801,793,933,645,706,627,197,371,201,6,4,1,767,7,17,0,783,770,243,182,17,0,820,729,8,0,14,130,4,579,652,1070,719,312,565,5,1,10,0,p1wttrue
p2ACTACTGTAC,0,0,0,0,0,0,0,0,0,0,0,0,1,0,0,0,0,0,0,0,0,0,0,0,0,0,0,0,0,1,0,0,0,0,0,0,0,0,0,0,0,0,0,0,p2indel
p2GCACGTACGG,0,0,0,0,0,0,0,0,0,0,0,1,0,0,0,0,0,0,0,0,0,0,0,0,0,0,0,0,0,0,0,0,0,0,0,0,0,0,0,0,0,0,0,0,p2indel
p2GCCACTGTAC,0,0,0,0,0,0,0,0,0,0,0,0,0,0,0,0,0,0,0,0,0,0,0,0,0,0,0,0,0,1,0,0,0,0,0,0,0,0,0,0,0,0,0,0,p2indel
p2GCCGTACGGC,0,0,0,0,0,0,0,0,0,0,0,0,0,0,1,0,0,0,93,0,0,0,0,0,0,0,0,0,0,123,114,0,0,0,0,0,0,0,0,0,0,0,0,0,p2indel
p2GCGACCGTAC,0,0,0,0,0,0,0,0,0,0,0,0,0,0,0,0,0,0,0,0,0,0,0,1,0,0,0,0,0,0,0,0,0,0,0,0,0,0,0,0,0,0,0,0,p2indel
p2GCTAACGTAC,0,0,0,0,0,0,0,0,0,0,0,0,0,0,0,0,0,0,0,0,1,0,0,2,0,0,0,0,0,0,0,0,0,0,0,0,0,0,0,0,0,0,0,0,p2indel
p2GCTACACGGC,0,0,0,0,0,0,0,0,0,0,0,0,0,0,0,0,0,0,1,0,0,0,0,0,0,0,0,0,0,0,0,0,0,0,0,0,0,0,0,0,0,0,0,0,p2indel
p2GCTACCATAC,0,0,0,0,0,0,0,0,0,0,0,0,0,0,0,0,0,0,0,0,0,0,0,4,0,0,0,0,0,0,0,0,0,0,0,0,0,0,0,0,0,0,0,0,p2indel
p2GCTACCCTAC,0,0,0,0,0,0,0,0,0,0,0,0,0,0,0,0,0,0,0,1,0,0,0,0,0,0,0,0,0,0,0,0,0,0,0,0,0,0,0,0,0,0,0,0,p2indel
p2GCTACCGTAC,0,0,2,2,4,0,0,0,0,0,0,0,116,0,1,0,0,0,0,400,417,0,0,193,174,0,0,0,0,0,0,1,0,0,0,0,0,11,11,16,1,0,0,0,p2indel
p2GCTACTGTAC,0,0,0,1,3,0,0,0,0,0,0,1,72,1,0,352,304,0,3,0,0,0,0,0,0,0,0,0,0,169,212,0,0,0,0,0,18,183,0,176,0,0,0,1,p2indel
p2GCTACTGTAT,0,0,0,0,0,0,0,0,0,0,0,0,0,0,0,0,1,0,0,0,0,0,0,0,0,0,0,0,0,0,0,0,0,0,0,0,0,0,0,0,0,0,0,0,p2indel
p2GCTAGTACGG,0,0,0,0,0,0,0,0,0,0,0,4,1,8,0,0,0,0,0,0,0,0,0,0,0,0,0,0,0,0,0,0,0,0,0,0,0,0,0,0,0,0,0,0,p2indel
p2GCTATACGGC,0,0,0,0,1,0,0,0,0,0,0,0,0,0,0,0,0,0,0,0,0,0,0,0,0,0,0,0,0,0,0,0,0,0,0,0,0,0,0,0,0,0,0,0,p2indel
p2GCTGTACGGC,0,0,0,0,0,0,0,0,0,0,0,0,0,65,0,0,0,0,0,0,0,0,0,0,0,0,0,0,0,0,0,0,0,0,0,0,0,0,16,0,0,0,0,0,p2indel
p2GCTGTCGTAC,0,0,0,0,0,0,0,0,0,0,0,0,0,0,0,0,1,0,0,0,0,0,0,0,0,0,0,0,0,0,0,0,9,0,0,0,0,0,0,0,0,0,0,0,p2indel
p2GTACGTACGG,0,0,0,0,0,0,0,0,0,0,0,0,0,0,0,0,0,0,0,0,0,0,0,0,0,2,0,0,0,0,0,0,0,0,0,0,0,0,0,0,0,0,0,0,p2indel
p2TCTACCGTAC,0,0,0,0,0,0,0,0,0,0,0,2,0,0,0,0,0,0,0,0,0,0,0,0,0,0,0,0,0,0,0,0,0,0,0,0,0,0,0,0,0,0,0,0,p2indel
p2TCTACTGTAC,0,0,0,0,0,0,0,0,0,0,0,0,0,0,0,0,0,0,0,0,0,0,0,0,0,0,0,0,0,0,0,0,0,0,0,0,0,0,0,2,0,0,0,0,p2indel
p2wt,267,331,147,138,118,381,358,373,0,1,0,366,106,116,190,0,0,7,227,1,0,342,296,0,2,1,4,330,384,0,1,0,1,2,0,0,6,0,103,0,3,1,0,0,p2wttrue
p3AGGGGATCTG,0,0,0,0,0,0,0,0,0,0,0,0,0,0,0,0,0,0,0,1,0,0,0,0,0,0,0,0,0,0,0,0,0,0,0,0,0,0,0,0,0,0,0,0,p3indel
p3CAGGGAAATC,0,0,0,0,0,0,0,0,0,0,0,0,0,0,0,0,0,0,0,0,0,0,0,0,0,0,0,0,0,0,0,0,2,0,0,0,0,0,0,0,0,0,0,0,p3indel
p3CGAGGAAATC,0,0,0,0,0,0,0,0,2,1,1,0,0,0,0,2,0,0,0,0,0,0,0,0,0,0,0,0,0,0,0,1,0,1,0,0,0,0,0,0,0,0,0,0,p3indel
p3CGGAGAAATC,0,0,0,0,0,0,0,0,0,0,0,0,0,0,0,0,0,0,0,0,2,0,0,0,0,0,0,0,0,0,0,0,0,3,0,0,0,0,0,0,0,0,0,0,p3indel
p3CGGGAAAATC,0,0,0,0,0,0,0,0,0,0,1,1,0,0,0,0,0,0,0,0,0,0,0,0,0,0,0,0,0,0,0,0,0,0,0,0,0,0,0,0,0,0,0,0,p3indel
p3CGGGAATCTG,0,0,0,0,0,0,6,2,0,0,0,0,0,0,0,0,0,0,1,0,0,0,0,0,0,0,0,0,0,0,0,0,0,0,0,0,0,0,0,1,0,0,0,0,p3indel
p3CGGGATCTGG,0,0,0,0,0,0,0,0,0,0,0,0,0,0,0,0,0,0,0,0,0,0,0,0,0,0,0,0,0,0,0,0,0,0,0,0,0,2,0,0,0,0,0,0,p3indel
p3CGGGGAAATA,0,0,0,0,0,0,0,0,1,0,0,0,1,0,0,0,0,0,0,0,0,0,0,0,0,0,0,0,0,0,0,0,1,0,0,0,0,0,0,0,0,0,0,0,p3indel
p3CGGGGAAATC,4,12,0,0,1,0,1,0,292,339,360,351,71,148,0,307,316,154,31,219,210,0,0,136,124,0,0,6,2,150,164,323,155,161,0,0,162,1,0,3,1,0,0,0,p3indel
p3CGGGGAACTC,0,0,0,0,0,0,0,0,0,0,0,0,0,0,0,0,0,1,0,0,0,0,0,0,0,0,0,0,0,0,0,0,0,0,0,0,0,0,0,0,0,0,0,0,p3indel
p3CGGGGACATC,0,0,0,0,0,0,0,0,0,1,1,0,0,0,0,0,1,0,0,0,0,0,0,0,0,0,0,0,0,1,0,0,0,0,0,0,0,0,0,0,0,0,0,0,p3indel
p3CGGGGACCTC,0,0,0,0,0,0,0,0,0,0,0,0,0,0,0,0,1,0,0,0,0,0,0,0,0,0,0,0,0,0,0,0,0,0,0,0,0,0,0,0,0,0,0,0,p3indel
p3CGGGGAGATC,0,0,0,0,0,0,0,0,0,0,0,0,0,0,0,0,0,1,0,0,0,0,0,0,0,0,0,0,0,0,0,0,0,0,0,0,0,0,0,0,0,0,0,0,p3indel
p3CGGGGATATC,0,0,0,0,0,0,0,0,0,0,0,0,0,0,0,0,0,0,0,0,1,0,0,0,0,0,0,0,0,0,0,0,0,0,0,0,0,0,0,0,0,0,0,0,p3indel
p3CGGGGATCCG,0,0,0,0,0,0,0,0,0,0,0,0,0,0,1,0,0,0,0,0,0,0,0,0,0,0,0,0,0,0,0,0,0,0,0,0,0,0,0,0,0,0,0,0,p3indel
p3CGGGGATCTG,0,0,0,0,0,0,0,0,0,0,0,0,25,0,123,0,0,0,136,131,180,0,0,1,1,0,0,0,0,0,0,0,0,0,0,0,0,276,0,262,0,0,0,0,p3indel
p3CGGGGCAATC,0,0,0,0,0,0,0,0,0,0,0,0,1,0,0,0,0,0,0,0,0,0,0,0,0,0,0,0,0,0,0,0,0,1,0,0,0,0,0,0,0,0,0,0,p3indel
p3CGGGGCTCTG,0,0,0,0,0,0,0,0,0,0,0,0,0,0,0,0,0,0,3,0,0,0,0,0,0,0,0,0,0,0,0,0,0,0,0,0,0,0,111,0,0,0,0,0,p3indel
p3CGGGGGAATC,0,0,0,0,0,0,0,0,0,0,0,0,1,0,0,0,0,0,0,0,0,0,0,0,0,0,0,0,0,0,0,2,1,0,0,0,0,0,0,0,0,0,0,0,p3indel
p3CGGGGGGAAT,0,1,0,0,0,0,0,0,0,0,0,0,0,0,0,0,0,0,0,0,0,0,0,0,0,0,0,0,0,0,0,0,131,0,0,0,0,0,0,0,0,0,0,0,p3indel
p3CGGGGGTCTG,0,0,0,0,0,0,0,0,0,0,0,0,0,0,0,0,0,0,4,0,0,0,0,0,0,0,0,0,0,0,0,0,0,0,0,0,0,0,0,1,0,0,0,0,p3indel
p3CGGGGTAATC,0,0,0,0,0,2,0,0,0,0,0,0,4,0,0,0,0,2,5,0,0,0,0,0,0,0,0,161,186,0,0,0,0,0,0,0,0,0,0,0,0,0,0,0,p3indel
p3CGGGGTCTGG,0,0,0,0,0,0,0,0,0,0,0,0,0,0,0,0,0,0,5,0,0,0,0,0,0,0,0,0,0,0,0,0,0,0,0,0,0,0,0,0,0,0,0,0,p3indel
p3CGGGTATCTG,0,0,0,0,0,0,0,0,0,0,0,0,0,0,0,0,0,0,0,0,0,0,0,0,0,0,0,0,0,0,0,0,0,0,0,0,0,3,0,0,0,0,0,0,p3indel
p3CGGTGAAATC,0,0,0,0,0,0,0,0,0,0,0,0,0,0,0,0,0,0,0,3,0,0,0,1,0,0,0,0,0,1,0,0,4,0,0,0,0,0,0,0,0,0,0,0,p3indel
p3CGGTGTAATC,0,0,0,0,0,0,0,0,0,0,0,0,0,0,0,0,0,0,0,0,0,0,0,0,0,0,0,0,2,0,0,0,0,0,0,0,0,0,0,0,0,0,0,0,p3indel
p3CGTGGAAATC,0,0,0,0,0,0,0,0,0,1,0,0,0,0,0,0,0,0,0,0,0,0,0,0,0,0,0,0,0,0,0,0,7,0,0,0,0,0,0,0,0,0,0,0,p3indel
p3CGTGGATCTG,0,0,0,0,0,0,0,0,0,0,0,0,0,0,0,0,0,0,0,1,0,0,0,0,0,0,0,0,0,0,0,0,0,0,0,0,0,0,0,0,0,0,0,0,p3indel
p3CTGGGAAATC,0,1,0,0,0,0,0,0,1,0,1,0,1,0,0,0,0,0,0,0,0,0,0,0,0,0,0,0,0,0,0,0,0,0,0,0,0,0,0,0,0,0,0,0,p3indel
p3GGGGGGAATC,0,0,0,0,0,0,0,0,0,0,0,0,0,0,0,0,0,0,0,0,0,0,0,0,0,0,0,0,0,0,0,0,7,0,0,0,0,0,0,0,0,0,0,0,p3indel
p3TGGGGAAATC,0,0,0,0,0,0,0,0,0,0,0,0,0,0,0,0,0,4,0,0,0,0,0,0,0,0,0,0,0,0,0,0,0,0,0,0,0,0,0,0,0,0,0,0,p3indel
p3TGGGGTAATC,0,0,0,0,0,0,0,0,0,0,0,0,0,0,0,0,0,0,0,0,0,0,0,0,0,0,0,1,0,0,0,0,0,0,0,0,0,0,0,0,0,0,0,0,p3indel
p3wt,322,317,0,0,0,325,329,390,0,0,0,17,159,1,0,0,1,3,118,4,0,355,308,0,0,2,0,176,168,0,0,0,0,0,0,0,3,6,0,6,0,0,0,0,p3wttrue
p4AGTGGCCCGG,0,0,0,0,0,0,0,0,0,0,0,0,0,0,0,0,0,0,0,0,0,0,0,0,0,0,0,0,0,0,0,0,0,0,0,0,0,0,0,0,0,0,2,0,p4indel
p4GGGGGCCCGG,0,0,0,0,0,0,0,0,0,0,0,0,0,0,0,0,0,0,0,0,1,0,0,0,0,0,0,0,0,0,0,0,0,0,0,0,0,0,0,0,0,0,0,0,p4indel
p4GGTGACCCGG,0,0,0,0,0,0,0,0,0,0,0,0,0,0,0,0,0,0,0,0,3,0,0,0,0,0,0,0,0,0,0,0,0,0,0,0,0,0,0,0,0,0,0,0,p4indel
p4GGTGCCCGGC,0,0,0,0,0,0,0,0,0,0,0,1,0,0,0,0,0,0,0,0,0,0,0,0,0,0,0,0,0,0,0,0,4,0,0,0,0,0,0,0,0,0,0,0,p4indel
p4GGTGGAAGCC,0,0,0,0,0,0,0,0,0,0,0,0,1,0,0,0,0,0,0,0,0,0,0,0,0,0,0,0,0,0,0,0,0,0,0,0,0,0,0,0,0,0,0,0,p4indel
p4GGTGGACCGG,0,0,0,0,0,0,0,0,0,0,0,0,0,0,0,0,0,0,0,0,1,0,0,0,0,0,0,0,0,0,0,0,0,0,0,0,0,0,0,0,0,0,0,0,p4indel
p4GGTGGAGCCA,0,0,0,0,0,0,0,0,0,0,0,0,0,0,0,0,0,0,1,0,0,0,0,0,0,0,0,0,0,0,0,0,0,0,0,0,0,0,0,0,0,0,0,0,p4indel
p4GGTGGAGCCC,0,0,0,0,0,0,1,0,0,0,0,3,0,15,0,0,2,0,2,0,0,0,0,0,0,0,0,0,0,0,0,0,0,1,0,0,0,0,0,0,0,0,0,0,p4indel
p4GGTGGCCCAG,0,0,0,0,0,0,0,0,0,0,0,0,0,0,0,0,0,0,0,0,0,0,0,0,0,0,0,0,0,0,0,0,0,0,0,0,0,0,0,0,0,0,0,2,p4indel
p4GGTGGCCCGA,0,0,0,0,0,0,0,0,0,0,0,0,0,0,0,0,0,0,0,0,2,0,0,0,0,0,0,0,0,0,0,0,0,0,0,0,0,0,0,0,0,0,0,0,p4indel
p4GGTGGCCCGG,1,2,0,1,0,0,1,0,3,13,2,0,0,0,1,6,1,0,1,420,355,0,0,0,0,0,1,0,0,2,0,0,3,4,1,0,0,0,164,0,0,0,247,289,p4indel
p4GGTGGCCGGC,0,0,0,0,0,0,0,0,0,0,0,6,0,0,0,0,0,0,0,0,0,0,0,0,0,0,0,0,0,0,0,0,0,0,0,0,0,0,0,0,0,0,0,0,p4indel
p4GGTGGCGCCC,0,0,0,0,0,0,0,0,0,0,0,0,1,0,0,0,0,0,0,0,0,0,0,0,0,0,0,0,0,0,0,0,0,0,0,0,0,0,0,0,0,0,0,0,p4indel
p4GGTGGCGGCC,0,0,0,0,0,0,0,0,0,0,0,0,0,0,0,0,0,0,0,0,0,0,0,0,0,0,0,0,0,0,0,0,0,0,0,0,0,0,0,1,0,0,0,0,p4indel
p4GGTGGGCCCG,0,0,0,0,0,0,0,0,0,0,0,0,0,0,0,0,0,0,0,0,0,0,0,0,0,0,0,0,0,0,0,0,0,0,0,0,1,0,0,0,0,0,0,0,p4indel
p4GGTGGGCCGG,0,0,0,0,0,0,0,0,0,0,0,0,0,0,0,0,0,0,0,1,0,0,0,0,0,0,0,0,0,0,0,0,0,0,0,0,0,0,0,0,0,0,0,0,p4indel
p4GGTGGGGCCC,0,0,0,0,0,0,0,0,1,0,0,2,0,1,2,1,2,0,1,0,0,0,0,3,0,0,0,0,0,0,0,0,18,16,0,0,0,0,0,0,0,0,0,0,p4indel
p4GGTGGTCCGG,0,0,0,0,0,0,0,0,0,0,0,0,0,0,0,0,0,0,1,0,0,0,0,0,0,0,0,0,0,0,0,0,0,0,0,0,0,0,0,0,0,0,0,0,p4indel
p4GGTGGTGCCC,0,0,2,1,0,0,1,0,1,2,0,0,0,0,0,1,4,0,0,0,0,0,0,0,66,0,0,0,0,0,0,0,13,5,4,0,0,0,0,0,0,0,0,0,p4indel
p4GGTGTCCCGG,0,0,0,0,0,0,0,0,0,0,0,0,0,0,0,0,0,0,0,0,1,0,0,0,0,0,0,0,0,0,0,0,0,0,0,0,0,0,0,0,0,0,0,0,p4indel
p4GGTGTCGCCC,0,0,0,0,0,0,0,0,0,0,0,0,0,0,0,0,1,0,0,0,0,0,0,0,0,0,0,0,0,0,0,0,0,0,0,0,0,0,0,0,0,0,0,0,p4indel
p4GGTGTTGCCC,0,0,0,0,0,0,0,0,0,0,0,0,0,0,0,1,0,0,0,0,0,0,0,0,0,0,0,0,0,0,0,0,0,0,0,0,0,0,0,0,0,0,0,0,p4indel
p4TGTGGTGCCC,0,0,0,0,0,0,0,0,0,0,0,0,0,0,0,0,0,2,0,0,0,0,0,0,0,0,0,0,0,0,0,0,0,0,0,0,0,0,0,0,0,0,0,0,p4indel
p4wt,308,401,127,172,163,393,427,466,384,344,432,508,126,343,316,302,293,380,345,4,0,384,398,179,151,1,0,401,408,453,441,2,199,186,202,197,169,173,195,120,5,0,1,0,p4wttrue
p5CGCAACGCGG,0,0,0,0,0,0,0,0,0,0,0,0,0,0,0,0,0,2,0,0,0,0,0,0,0,0,0,0,0,0,0,0,0,0,0,0,0,0,0,0,0,0,0,0,p5indel
p5CGCACGCGGA,0,0,0,0,0,0,0,0,0,0,0,0,0,0,0,0,0,0,0,0,0,0,0,0,0,0,0,0,0,0,0,0,105,103,0,0,0,0,0,0,0,0,0,0,p5indel
p5CGCGAAGCGG,0,0,0,0,0,0,0,0,0,0,0,0,0,0,0,3,0,0,2,0,0,0,0,0,0,0,0,0,0,0,0,0,0,0,0,0,0,0,0,0,0,0,0,0,p5indel
p5CGCGACACGG,0,0,0,0,0,0,0,0,0,0,0,0,0,0,0,0,0,0,1,0,0,0,0,0,0,0,0,0,0,0,0,0,0,0,0,0,0,0,0,0,0,0,0,0,p5indel
p5CGCGACGAGG,0,0,0,0,0,0,0,0,0,0,0,0,0,0,0,0,0,0,2,0,0,0,0,0,0,0,0,0,0,0,0,0,0,0,0,0,0,0,0,0,0,0,0,0,p5indel
p5CGCGACGCAG,0,0,0,0,0,0,0,0,0,0,0,0,0,0,0,0,0,0,1,0,0,0,0,0,0,0,0,0,0,0,0,0,0,0,0,0,0,0,0,0,0,0,0,0,p5indel
p5CGCGACGCGG,7,1,0,0,0,0,0,0,0,0,0,1,1,0,0,0,0,144,327,1,0,0,0,0,0,2,0,6,0,0,0,0,0,0,0,0,4,0,1,0,0,0,0,0,p5indel
p5CGCGAGCGGA,0,0,0,0,0,0,0,0,0,0,0,0,0,0,0,0,0,0,0,0,0,0,0,0,0,0,0,0,0,0,0,0,0,0,0,0,86,0,0,0,0,0,0,0,p5indel
p5CGCGAGTCGC,0,0,0,0,0,0,0,0,0,0,0,0,0,0,0,0,0,0,0,1,0,0,0,0,0,0,0,0,0,0,0,0,0,0,0,0,0,0,0,0,0,0,0,0,p5indel
p5CGCGATACAC,0,0,0,0,0,0,0,0,0,0,0,0,1,0,0,0,0,0,0,0,0,0,0,0,0,0,0,0,0,0,0,0,0,0,0,0,0,0,0,0,0,0,0,0,p5indel
p5CGCGATACGA,0,0,0,0,0,0,0,0,0,0,0,2,0,0,0,0,0,0,0,0,0,0,0,0,0,0,0,0,0,0,0,0,0,0,0,0,0,0,0,0,0,0,0,0,p5indel
p5CGCGATACGC,0,3,0,0,0,0,0,0,0,0,0,213,165,0,0,0,0,0,0,0,0,0,0,0,0,0,0,0,0,0,0,0,0,0,0,0,0,0,0,0,0,0,0,0,p5indel
p5CGCGATATGC,0,0,0,0,0,0,0,0,0,0,0,2,0,0,0,0,0,0,0,0,0,0,0,0,0,0,0,0,0,0,0,0,0,0,0,0,0,0,0,0,0,0,0,0,p5indel
p5CGCGGCGCGG,0,0,0,0,0,0,0,0,0,0,0,0,0,0,0,0,0,1,0,0,0,0,0,0,0,0,0,0,0,0,0,0,0,0,0,0,0,0,0,0,0,0,0,0,p5indel
p5CGCGGTACGC,0,0,0,0,0,0,0,0,0,0,0,0,1,0,0,0,0,0,0,0,0,0,0,0,0,0,0,0,0,0,0,0,0,0,0,0,0,0,0,0,0,0,0,0,p5indel
p5CTCGACGCGG,0,0,0,0,0,0,0,0,0,0,0,0,0,0,0,0,0,0,1,0,0,0,0,0,0,0,0,0,0,0,0,0,0,0,0,0,0,0,0,0,0,0,0,0,p5indel
p5CTCGATACGC,0,0,0,0,0,0,0,0,0,0,0,2,0,0,0,0,0,0,0,0,0,0,0,0,0,0,0,0,0,0,0,0,0,0,0,0,0,0,0,0,0,0,0,0,p5indel
p5TGCGACGCGG,0,0,0,0,0,0,0,0,0,0,0,0,0,0,0,0,0,1,1,0,0,0,0,0,0,0,0,0,0,0,0,0,0,0,0,0,0,0,0,0,0,0,0,0,p5indel
p5TGCGATACGC,0,0,0,0,0,0,0,0,0,0,0,2,0,0,0,0,0,0,0,0,0,0,0,0,0,0,0,0,0,0,0,0,0,0,0,0,0,0,0,0,0,0,0,0,p5indel
p5wt,235,316,0,0,0,316,357,326,1,0,0,1,0,0,0,1,0,2,0,0,0,358,328,0,0,0,0,368,306,0,0,0,0,0,0,0,4,0,0,0,1,1,0,0,p5wttrue
p6CACACTTGCG,0,0,0,0,0,0,0,0,0,0,0,0,0,0,0,0,0,0,0,0,0,0,0,0,0,0,0,0,0,0,0,0,2,0,0,0,0,0,0,0,0,0,0,0,p6indel
p6CACAGTTGCG,0,0,0,0,0,0,0,0,0,0,0,0,0,0,0,0,0,0,0,0,0,0,0,0,0,8,4,0,0,0,0,0,0,0,0,0,0,0,1,0,0,0,0,0,p6indel
p6CACGTTGCGT,0,0,0,0,0,0,0,0,0,0,0,0,0,0,0,0,0,0,0,0,0,0,1,0,0,0,0,0,0,0,0,0,0,0,0,0,0,0,0,0,0,0,0,0,p6indel
p6CCAACTTGCG,0,0,0,0,0,0,0,0,0,0,0,0,0,0,0,0,0,0,0,0,0,0,0,0,0,0,0,0,0,0,0,0,1,0,0,0,0,0,0,0,0,0,0,0,p6indel
p6CCCACAGTTG,0,0,0,0,0,0,0,0,0,0,0,0,0,0,0,0,0,0,0,0,0,0,0,0,0,0,0,0,0,0,0,0,0,0,0,0,0,0,148,0,0,0,0,0,p6indel
p6CCCACTAGCG,0,0,0,0,0,0,0,0,0,0,0,1,0,0,0,0,0,0,0,0,0,0,0,0,0,0,0,0,0,0,0,0,0,0,0,0,0,0,0,0,0,0,0,0,p6indel
p6CCCACTTACG,0,0,0,0,0,0,0,0,0,0,0,3,0,0,0,0,0,0,0,0,0,0,0,0,0,0,0,0,0,0,0,0,0,0,0,0,0,0,0,0,0,0,0,0,p6indel
p6CCCACTTGCG,1,0,0,0,0,0,0,0,0,0,0,173,122,1,0,0,0,3,1,0,0,0,0,0,2,0,0,350,292,0,0,0,124,124,0,0,0,0,0,0,0,0,0,0,p6indel
p6CCCACTTGTG,0,0,0,0,0,0,0,0,0,0,0,0,0,0,0,0,0,0,0,0,0,0,0,0,0,0,0,0,2,0,0,0,0,0,0,0,0,0,0,0,0,0,0,0,p6indel
p6CCCACTTTCG,0,0,0,0,0,0,0,0,0,0,0,0,0,0,0,0,0,0,0,0,0,0,0,0,0,0,0,1,0,0,0,0,0,0,0,0,0,0,0,0,0,0,0,0,p6indel
p6CCCATAGTTG,0,0,0,0,0,0,0,0,0,0,0,0,0,0,0,0,0,0,0,0,0,0,0,0,0,0,0,0,0,0,0,0,0,0,0,0,0,0,1,0,0,0,0,0,p6indel
p6CTCACAGTTG,0,0,0,0,0,0,0,0,0,0,0,0,0,0,0,0,0,0,0,0,0,0,0,0,0,0,0,0,0,0,0,0,0,0,0,0,0,0,1,0,0,0,0,0,p6indel
p6TCCACAGTTG,0,0,0,0,0,0,0,0,0,0,0,0,0,0,0,0,0,0,1,0,0,0,0,0,0,7,8,0,2,0,0,0,0,0,0,0,0,0,2,0,0,0,0,0,p6indel
p6wt,242,288,0,0,0,301,345,318,0,1,0,0,0,0,0,0,0,0,0,1,0,300,325,0,0,0,0,4,0,0,0,0,0,0,0,0,1,0,0,0,1,0,0,0,p6wttrue
p7AACATGTTTT,0,0,0,0,0,0,0,0,1,1,1,0,0,0,0,0,0,0,0,0,0,0,0,0,0,0,0,0,0,0,0,0,0,0,0,0,0,0,0,0,0,0,0,0,p7indel
p7CAAATGGTTT,0,0,0,0,0,0,0,0,0,0,0,0,0,0,0,0,0,0,0,0,0,0,0,0,0,0,0,0,0,0,0,0,0,0,0,0,0,0,1,0,0,0,0,0,p7indel
p7CACAAGGTTT,0,0,0,0,0,0,0,0,0,0,0,0,0,0,0,0,0,0,0,0,0,0,0,0,0,0,1,0,0,0,0,0,0,0,0,0,0,0,0,0,0,0,0,0,p7indel
p7CACACGGTTT,0,0,0,0,0,0,0,0,0,0,0,0,0,0,0,0,0,0,0,0,0,0,0,0,0,0,1,0,0,0,0,0,0,0,0,0,0,0,0,0,0,0,0,0,p7indel
p7CACAGGGTTT,0,0,0,0,0,0,0,0,0,0,0,0,0,0,0,0,0,0,0,0,0,0,0,0,0,1,0,0,0,0,0,0,0,0,0,0,0,0,0,0,0,0,0,0,p7indel
p7CACAGTTTTT,0,0,0,0,3,0,0,0,0,0,0,0,0,0,0,0,0,0,0,0,0,0,0,2,2,0,0,0,0,0,0,0,0,0,0,0,0,0,0,0,0,0,0,0,p7indel
p7CACATAGTTT,0,0,4,3,6,0,0,0,0,0,0,0,0,0,0,1,0,8,7,0,0,2,0,389,54,0,0,0,0,0,0,0,0,0,0,3,0,0,0,0,0,0,0,0,p7indel
p7CACATATTTT,0,0,0,0,0,0,0,0,0,1,0,0,0,0,0,0,0,0,0,0,0,0,0,0,0,0,0,0,0,0,0,0,0,0,0,0,0,0,0,0,0,0,0,0,p7indel
p7CACATCGTTT,0,0,1,0,0,0,0,0,0,0,0,0,0,0,0,0,0,0,0,0,0,0,0,0,1,0,0,0,0,0,0,0,0,0,5,0,0,0,0,0,0,0,0,0,p7indel
p7CACATGAGTT,0,0,0,0,0,0,0,0,0,0,0,0,0,0,0,0,0,0,0,0,0,0,0,1,0,0,0,0,0,0,0,0,0,0,0,0,0,0,0,0,0,0,0,0,p7indel
p7CACATGATTT,0,0,0,0,0,0,0,0,0,0,0,0,0,0,0,0,0,0,0,0,0,0,0,1,0,0,0,0,0,0,0,0,0,0,0,0,0,0,0,0,0,0,0,0,p7indel
p7CACATGGCTT,0,0,0,0,0,0,0,0,0,0,0,0,0,0,0,0,0,0,0,0,0,0,0,0,0,1,0,0,0,0,0,0,0,0,0,0,0,0,0,0,0,0,0,0,p7indel
p7CACATGGTTA,0,0,0,0,0,0,0,0,0,0,0,0,0,0,0,0,0,0,0,0,0,0,0,0,0,0,1,0,0,0,0,0,0,0,0,0,0,0,0,0,0,0,0,0,p7indel
p7CACATGGTTT,11,7,0,4,24,0,2,4,0,1,7,5,0,0,0,4,2,19,55,1,0,0,4,9,16,1531,1730,14,5,5,5,0,0,13,8,12,24,0,4,0,3,0,28,0,p7indel
p7CACATGTGTT,0,0,0,0,0,0,0,0,0,0,0,0,0,0,0,0,0,0,3,0,0,0,0,0,0,0,0,0,0,0,0,0,0,0,0,0,0,0,0,0,0,0,0,0,p7indel
p7CACATGTTTG,0,0,0,2,6,0,0,0,0,0,0,0,0,0,0,0,0,5,9,0,0,0,0,12,7,0,0,0,0,0,0,0,0,0,1,4,0,0,0,0,0,0,0,0,p7indel
p7CACATGTTTT,0,0,2,1,8,5,1,0,370,399,457,0,0,1,0,0,0,6,24,0,0,0,1,9,21,1,0,3,0,1,0,0,5,0,0,3,2,0,0,0,0,0,0,0,p7indel
p7CACATTGTTT,0,0,23,38,0,0,0,0,0,0,0,0,0,0,0,0,0,3,0,0,0,0,0,1,2,2,2,0,0,0,0,0,0,0,1,8,0,0,0,0,0,0,0,0,p7indel
p7CACATTTTTG,0,0,5,4,12,0,0,0,0,0,0,0,0,0,0,0,0,5,18,410,405,0,0,17,21,0,0,0,4,1,0,0,0,0,15,16,0,0,0,0,0,0,0,0,p7indel
p7CACATTTTTT,0,0,7,2,9,0,0,0,0,0,0,0,0,0,0,0,0,2,13,0,0,0,0,10,8,0,0,0,0,0,0,0,0,0,6,8,0,0,0,0,0,0,0,0,p7indel
p7CACCTGGTTT,0,0,0,0,0,0,0,0,0,0,0,0,0,0,0,0,0,0,0,0,0,0,0,0,0,5,3,0,0,0,0,0,0,0,0,0,0,0,0,0,0,0,0,0,p7indel
p7CACGTTTTTG,0,0,0,0,0,0,0,0,0,0,0,0,0,0,0,0,0,0,0,0,0,0,0,3,8,0,0,0,0,0,0,0,0,0,0,0,0,0,0,0,0,0,0,0,p7indel
p7CATAGTTTTT,0,0,0,0,0,0,0,0,0,0,0,0,0,0,0,0,0,0,0,0,0,0,0,7,0,0,0,0,0,0,0,0,0,0,0,0,0,0,0,0,0,0,0,0,p7indel
p7CATATGGTTT,0,0,0,0,0,0,0,0,0,0,0,0,0,0,0,0,0,0,0,0,0,0,0,0,0,0,1,0,0,0,0,0,0,0,0,0,0,0,0,0,0,0,0,0,p7indel
p7CATATGTTTT,0,0,0,0,0,0,0,0,1,0,1,0,0,0,0,0,0,0,0,0,0,0,0,0,0,0,0,0,0,0,0,0,0,0,0,0,0,0,0,0,0,0,0,0,p7indel
p7CGCATGGTTT,0,0,0,0,0,0,0,0,0,0,0,0,0,0,0,0,0,0,0,0,0,0,0,0,0,1,0,0,0,0,0,0,0,0,0,0,0,0,0,0,0,0,0,0,p7indel
p7CTCATAGTTT,0,0,0,0,0,0,0,0,0,0,0,0,0,0,0,0,0,0,0,0,0,0,0,1,0,0,0,0,0,0,0,0,0,0,0,0,0,0,0,0,0,0,0,0,p7indel
p7TACAGTTTTT,0,0,13,12,14,0,0,0,0,0,0,0,0,0,0,0,0,0,0,0,0,0,0,0,0,0,0,0,0,1,0,0,0,0,0,0,1,0,0,0,0,0,0,0,p7indel
p7wt,775,799,257,263,287,893,919,847,7,9,14,1,1,1,4,2,1,286,580,0,2,896,835,468,807,1,0,976,915,1,0,1,2,1,654,542,6,0,0,0,3,1,23,0,p7wttrue
